employee_id,employee_name,department,designation,joining_date
101,arun,it,developer,2023-01-10
102,priya,hr,executive,2022-06-15
103,karthik,finance,analyst,2021-08-20
104,sana,marketing,associate,2024-02-01
105,rahul,sales,executive,2023-07-12
106,meena,it,tester,2023-05-18
107,vikram,finance,accountant,2022-09-22
108,divya,hr,recruiter,2024-01-05
109,ajay,sales,manager,2021-11-11
110,nisha,marketing,executive,2023-03-15
